date,revenue_scaled
2019-12-15,141552.21
2019-12-16,131409.19
2019-12-17,118912.16
2019-12-18,154326.18
2019-12-19,151141.34
2019-12-20,142521.50
2019-12-21,145740.96
2019-12-22,142556.12
2019-12-23,153841.53
2019-12-24,153121.48
2019-12-25,284489.12
2019-12-26,141933.00
2019-12-27,108492.20
2019-12-28,138021.19
2019-12-29,160003.50
2019-12-30,149244.28
2019-12-31,169558.01
2020-01-01,142175.33
2020-01-02,161111.27
2020-01-03,149659.70
2020-01-04,144010.07
2020-01-05,187490.03
2020-01-06,142348.42
2020-01-07,142486.89
2020-01-08,147575.70
2020-01-09,148233.44
2020-01-10,114204.14
2020-01-11,153841.53
2020-01-12,124935.66
2020-01-13,145464.02
2020-01-14,142417.65
2020-01-15,111469.33
2020-01-16,131789.98
2020-01-17,124180.99
2020-01-18,131755.37
2020-01-19,131063.01
2020-01-20,152595.29
2020-01-21,145429.40
2020-01-22,154914.68
2020-01-23,134351.70
2020-01-24,132620.81
2020-01-25,179943.35
2020-01-26,162842.16
2020-01-27,167792.50
2020-01-28,170284.98
2020-01-29,161457.44
2020-01-30,138955.87
2020-01-31,131270.72
2020-02-01,160141.97
2020-02-02,160765.09
2020-02-03,161007.41
2020-02-04,145810.20
2020-02-05,148718.09
2020-02-06,149825.86
2020-02-07,125177.98
2020-02-08,155517.03
2020-02-09,159484.23
2020-02-10,149237.36
2020-02-11,137882.72
2020-02-12,189844.04
2020-02-13,148233.44
2020-02-14,145567.87
2020-02-15,158584.17
2020-02-16,148960.42
2020-02-17,138817.40
2020-02-18,128293.59
2020-02-19,176239.25
2020-02-20,138125.04
2020-02-21,124693.33
2020-02-22,139260.51
2020-02-23,143151.55
2020-02-24,143490.80
2020-03-03,126389.61
2020-03-04,151944.47
2020-03-05,130647.60
2020-03-06,117541.30
2020-03-07,133070.84
2020-03-08,119604.52
2020-03-09,97726.06
2020-03-10,126424.23
2020-03-11,124762.57
2020-03-12,135909.50
2020-03-13,104670.40
2020-03-14,114100.29
2020-03-15,155018.53
2020-03-16,166892.44
2020-03-17,164088.40
2020-03-18,127774.32
2020-03-19,154568.50
2020-03-20,122789.36
2020-03-21,153218.41
2020-03-22,133763.20
2020-03-23,116938.95
2020-03-24,104961.19
2020-03-25,91875.66
2020-03-26,70343.38
2020-03-27,80382.54
2020-03-28,87409.96
2020-03-29,78478.56
2020-03-30,81905.73
2020-03-31,77924.68
2020-04-01,72558.92
2020-04-02,92706.48
2020-04-03,67227.78
2020-04-04,96445.21
2020-04-05,122477.80
2020-04-06,114550.32
2020-04-07,106484.37
2020-04-08,90767.89
2020-04-09,83740.47
2020-04-10,70343.38
2020-04-11,97310.65
2020-04-12,83948.18
2020-04-13,83948.18
2020-04-14,89279.32
2020-04-15,91702.57
2020-04-16,78720.89
2020-04-17,61411.99
2020-04-18,83844.32
2020-04-19,95545.14
2020-04-20,100287.78
2020-04-21,96099.03
2020-04-22,86198.34
2020-04-23,110500.03
2020-04-24,69581.79
2020-04-25,110742.36
2020-04-26,92221.83
2020-04-27,84294.36
2020-04-28,116765.86
2020-04-29,77128.47
2020-04-30,79482.48
2020-05-01,66639.28
2020-05-02,87929.23
2020-05-03,83498.15
2020-05-04,83532.76
2020-05-05,79794.04
2020-05-06,82944.26
2020-05-07,94021.96
2020-05-08,55596.20
2020-05-09,88690.82
2020-05-10,93052.66
2020-05-11,81351.84
2020-05-12,86613.75
2020-05-13,90837.12
2020-05-14,84986.71
2020-05-15,37733.41
2020-05-16,104407.30
2020-05-17,81871.11
2020-05-18,97899.15
2020-05-26,107661.37
2020-05-27,89487.03
2020-05-28,119050.63
2020-05-29,75743.76
2020-05-30,119985.31
2020-05-31,143802.36
2020-06-01,120089.17
2020-06-02,111573.19
2020-06-03,98660.75
2020-06-04,112646.34
2020-06-05,90490.94
2020-06-06,129055.18
2020-06-07,98106.86
2020-06-08,99906.99
2020-06-09,112577.10
2020-06-10,103057.21
2020-06-11,114550.32
2020-06-12,80728.72
2020-06-13,116592.77
2020-06-14,115381.15
2020-06-15,117458.21
2020-06-16,132551.58
2020-06-17,133486.26
2020-06-18,138540.46
2020-06-19,99699.28
2020-06-20,137709.63
2020-06-21,146744.88
2020-06-22,128951.32
2020-06-30,156887.89
2020-07-01,146606.41
2020-07-02,138021.19
2020-07-03,97449.12
2020-07-04,145360.16
2020-07-05,144563.95
2020-07-06,161353.59
2020-07-07,147575.70
2020-07-08,135355.62
2020-07-09,150933.63
2020-07-10,122339.32
2020-07-11,181674.24
2020-07-12,130093.71
2020-07-13,161561.30
2020-07-14,130959.16
2020-07-15,144010.07
2020-07-16,137848.10
2020-07-17,94195.05
2020-07-18,140998.32
2020-07-19,130578.36
2020-07-20,123170.15
2020-07-21,149375.83
2020-07-22,126112.66
2020-07-23,147402.62
2020-07-24,91598.71
2020-07-25,106345.90
2020-07-26,115602.70
2020-07-27,97414.50
2020-07-28,118323.66
2020-07-29,104026.50
2020-07-30,151972.17
2020-07-31,57811.73
2020-08-01,80244.07
2020-08-02,113857.96
2020-08-03,129851.39
2020-08-04,135078.68
2020-08-05,108907.62
2020-08-06,126874.26
2020-08-07,79794.04
2020-08-08,133001.61
2020-08-09,120469.96
2020-08-10,120296.87
2020-08-11,123481.71
2020-08-12,112715.57
2020-08-13,104061.12
2020-08-14,95441.29
2020-08-15,119742.99
2020-08-16,123031.68
2020-08-17,131028.39
2020-08-18,140409.82
2020-08-19,107869.08
2020-08-20,104061.12
2020-08-21,80140.22
2020-08-22,127566.61
2020-08-23,144806.28
2020-08-24,109253.79
2020-08-25,122131.62
2020-08-26,146087.14
2020-08-27,144633.19
2020-08-28,108215.26
2020-08-29,136913.42
2020-08-30,169904.19
2020-08-31,116835.09
2020-09-01,126458.84
2020-09-02,132440.80
2020-09-03,134524.79
2020-09-04,101741.73
2020-09-05,129124.41
2020-09-06,131533.81
2020-09-07,122443.18
2020-09-08,109738.44
2020-09-09,152699.14
2020-09-10,142348.42
2020-09-11,87202.25
2020-09-12,149445.07
2020-09-13,145602.49
2020-09-14,126354.99
2020-09-15,159484.23
2020-09-16,136117.21
2020-09-17,141690.68
2020-09-18,102953.35
2020-09-19,113823.34
2020-09-20,125385.69
2020-09-21,152595.29
2020-09-29,111850.13
2020-09-30,116800.48
2020-10-01,103161.06
2020-10-02,96791.38
2020-10-03,149271.98
2020-10-04,143386.95
2020-10-05,137571.16
2020-10-06,152629.90
2020-10-07,128293.59
2020-10-08,137778.87
2020-10-09,103334.15
2020-10-10,128916.71
2020-10-11,120054.55
2020-10-12,133555.49
2020-10-13,120227.64
2020-10-14,138159.66
2020-10-15,109599.97
2020-10-16,83151.97
2020-10-17,124762.57
2020-10-18,126147.28
2020-10-19,114481.08
2020-10-20,153149.17
2020-10-21,136186.45
2020-10-22,142313.80
2020-10-23,100980.14
2020-10-24,114169.52
2020-10-25,138035.04
2020-10-26,141240.65
2020-10-27,134732.50
2020-10-28,123724.04
2020-10-29,110638.51
2020-10-30,94922.02
2020-10-31,162011.33
2020-11-01,128535.91
2020-11-02,142583.82
2020-11-03,152456.81
2020-11-04,141448.35
2020-11-05,141586.82
2020-11-06,122339.32
2020-11-07,159138.05
2020-11-08,155018.53
2020-11-09,164330.72
2020-11-10,129297.50
2020-11-11,130578.36
2020-11-12,155157.00
2020-11-13,94402.76
2020-11-14,130716.83
2020-11-15,138194.28
2020-11-16,120539.20
2020-11-17,123931.74
2020-11-18,122304.71
2020-11-19,148579.62
2020-11-20,100599.34
2020-11-21,128328.20
2020-11-22,170908.10
2020-11-23,107799.85
2020-11-24,116108.12
2020-11-25,126147.28
2020-11-26,131616.90
2020-11-27,110430.80
2020-11-28,127393.52
2020-11-29,132482.34
2020-11-30,121162.32
2020-12-01,126978.11
2020-12-02,117769.77
2020-12-03,127670.47
2020-12-04,75674.52
2020-12-05,116696.62
2020-12-06,102641.79
2020-12-07,90387.09
2020-12-08,113754.11
2020-12-09,101568.64
2020-12-10,85748.30
2020-12-11,70758.79
2020-12-12,121577.73
2020-12-13,157995.66
2020-12-14,147298.76
2020-12-15,110223.09
2020-12-16,122997.06
2020-12-17,109599.97
2020-12-18,110015.39
2020-12-19,111469.33
2020-12-20,102987.97
2020-12-21,117804.39
2020-12-29,104511.15
2020-12-30,101984.05
2020-12-31,114342.61
2021-01-01,83013.50
2021-01-02,112140.92
2021-01-03,184443.67
2021-01-04,112196.31
2021-01-05,106795.93
2021-01-06,134663.26
2021-01-07,100807.05
2021-01-08,97206.80
2021-01-09,124277.92
2021-01-10,109392.26
2021-01-11,118462.13
2021-01-12,114965.73
2021-01-13,114751.10
2021-01-14,117839.01
2021-01-15,95441.29
2021-01-16,135978.74
2021-01-17,99906.99
2021-01-18,133555.49
2021-01-19,91702.57
2021-01-20,117388.98
2021-01-21,115415.76
2021-01-22,81282.61
2021-01-23,113061.75
2021-01-24,115208.06
2021-01-25,133693.96
2021-01-26,146156.37
2021-01-27,114031.05
2021-01-28,113165.61
2021-01-29,79517.10
2021-01-30,106692.08
2021-01-31,98072.24
2021-02-01,110984.68
2021-02-09,112507.87
2021-02-10,109288.41
2021-02-11,124277.92
2021-02-12,80070.98
2021-02-13,119362.19
2021-02-14,116108.12
2021-02-15,106207.43
2021-02-16,91667.95
2021-02-17,115069.58
2021-02-18,112300.16
2021-02-19,84952.09
2021-02-20,117582.84
2021-02-21,109115.32
2021-02-22,126978.11
2021-02-23,106380.52
2021-02-24,99387.72
2021-02-25,105238.13
2021-02-26,82805.79
2021-02-27,101083.99
2021-02-28,106311.28
2021-03-01,90906.36
2021-03-02,97899.15
2021-03-03,115761.94
2021-03-04,103264.91
2021-03-05,71381.91
2021-03-06,103784.18
2021-03-07,110015.39
2021-03-08,102261.00
2021-03-09,93121.90
2021-03-10,98245.33
2021-03-11,114238.76
2021-03-12,82875.03
2021-03-13,122823.97
2021-03-14,110500.03
2021-03-15,129159.03
2021-03-16,78928.60
2021-03-17,111642.42
2021-03-18,122027.76
2021-03-19,106138.19
2021-03-20,121300.79
2021-03-21,109876.91
2021-03-22,146779.49
2021-03-23,102295.61
2021-03-24,124970.28
2021-03-25,107522.90
2021-03-26,97033.71
2021-03-27,115692.71
2021-03-28,131374.57
2021-03-29,84086.65
2021-03-30,119396.81
2021-03-31,118289.04
2021-04-01,112438.63
2021-04-02,98660.75
2021-04-03,129886.01
2021-04-04,131616.90
2021-04-05,118669.84
2021-04-06,119258.34
2021-04-07,102641.79
2021-04-08,155918.60
2021-04-09,103438.00
2021-04-10,124762.57
2021-04-11,122477.80
2021-04-12,145602.49
2021-04-14,149168.12
2021-04-15,133278.55
2021-04-16,126631.93
2021-04-17,121023.85
2021-04-18,105515.07
2021-04-19,104338.07
2021-04-20,109565.35
2021-04-21,112715.57
2021-04-22,119708.37
2021-04-23,88829.29
2021-04-24,106692.08
2021-04-25,126631.93
2021-04-26,109115.32
2021-04-27,105549.69
2021-04-28,114107.21
2021-04-29,90352.47
2021-04-30,81005.66
2021-05-01,90040.91
2021-05-02,111503.95
2021-05-03,98003.01
2021-05-04,118046.72
2021-05-05,100045.46
2021-05-06,100287.78
2021-05-07,82944.26
2021-05-08,114931.11
2021-05-09,107799.85
2021-05-10,102261.00
